Operation,Time (µs/op)
Ed25519 KeyGen,107.21993446350098
Ed25519 Signing,91.60876274108887
Ed25519 Verification,198.11725616455078
secp256k1 KeyGen,531.9509506225586
secp256k1 Signing,534.6670150756836
secp256k1 Verification,1978.621244430542
